{"tags":[{"id":6808481,"confidence":0.206543,"tag":"alles ist ein Dildo"},{"id":6807506,"confidence":0.206543,"tag":"Runen"},{"id":6807508,"confidence":0.206543,"tag":"Trinkhorn"},{"id":6807507,"confidence":0.0945287,"tag":"Viking"}],"comments":[],"ts":1440540927,"cache":"item:945286","rt":2,"qc":2}