{"tags":[{"id":6808417,"confidence":0.342372,"tag":"1000 Kilo Makeup"},{"id":6807363,"confidence":0.206543,"tag":"1000 Sonnen"},{"id":6807256,"confidence":0.438494,"tag":"Phoebe Tonkin"}],"comments":[],"ts":1440540941,"cache":"item:945259","rt":4,"qc":2}