{"tags":[{"id":6808496,"confidence":0.206543,"tag":"Kurama"},{"id":6826097,"confidence":0.206543,"tag":"kyuubi"},{"id":6807662,"confidence":0.342372,"tag":"Naruto"},{"id":6807663,"confidence":0.342372,"tag":"Sasuke"}],"comments":[],"ts":1440540925,"cache":"item:945307","rt":2,"qc":2}