{"tags":[{"id":6807758,"confidence":0.207655,"tag":"Gewand des Neunschw\u00e4nzigen"},{"id":6808167,"confidence":0.342372,"tag":"Kurama"},{"id":6807687,"confidence":0.438494,"tag":"Kyuubi"},{"id":6807686,"confidence":0.438494,"tag":"Naruto"}],"comments":[],"ts":1440540925,"cache":"item:945310","rt":2,"qc":2}