{"tags":[{"id":6808228,"confidence":0.206543,"tag":"Carbon"},{"id":6808120,"confidence":0.206543,"tag":"DELTA 713"},{"id":6808121,"confidence":0.206543,"tag":"Exosuit"},{"id":6808122,"confidence":0.206543,"tag":"polierter Sch\u00e4del"}],"comments":[],"ts":1440540919,"cache":"item:945352","rt":3,"qc":2}